first_name,last_name,address,city_name,state_name,phone_number,email
Karen,Wilson,510 Park Ln,West Hartford,Connecticut,681-555-3752,karen.wilson15@example.com
Robert,Wilson,845 River St,Grand Forks,North Dakota,687-555-5412,robert.wilson72@example.com
Barbara,Davis,408 Maple St,Southaven,Mississippi,514-555-1039,barbara.davis11@example.com
Thomas,Lopez,570 Highland Rd,Nashville,Tennessee,857-555-5207,thomas.lopez3@example.com
Barbara,Rodriguez,462 Forest Ave,Waukegan,Illinois,319-555-2331,barbara.rodriguez44@example.com
Jessica,Rodriguez,497 Oak Ave,Ames,Iowa,295-555-5799,jessica.rodriguez31@example.com
Jessica,Garcia,320 Main St,Aberdeen,South Dakota,569-555-5662,jessica.garcia30@example.com
Christopher,Rodriguez,408 Washington Blvd,Danbury,Connecticut,813-555-3658,christopher.rodriguez38@example.com
Susan,Jones,514 Broadway,Waukesha,Wisconsin,255-555-9068,susan.jones45@example.com
Susan,Martinez,530 Oak Ave,Great Falls,Montana,848-555-8499,susan.martinez51@example.com
Michael,Hernandez,498 Highland Rd,Mandan,North Dakota,629-555-9694,michael.hernandez10@example.com
Karen,Jones,880 Forest Ave,Rochester,New Hampshire,939-555-2223,karen.jones3@example.com
James,Moore,670 Washington Blvd,Utica,New York,540-555-2955,james.moore91@example.com
Jennifer,Thomas,102 Broadway,Wheeling,West Virginia,614-555-7726,jennifer.thomas17@example.com
Karen,Wilson,268 Highland Rd,Fayetteville,North Carolina,336-555-3753,karen.wilson50@example.com
David,Thomas,406 Forest Ave,Athens,Georgia,438-555-7651,david.thomas15@example.com
Patricia,Rodriguez,588 Forest Ave,Gillette,Wyoming,867-555-2729,patricia.rodriguez87@example.com
Michael,Rodriguez,142 Maple St,Gary,Indiana,892-555-3637,michael.rodriguez55@example.com
Jennifer,Smith,164 Highland Rd,Gulfport,Mississippi,507-555-1908,jennifer.smith95@example.com
William,Martinez,361 Maple St,San Francisco,California,254-555-6064,william.martinez93@example.com
John,Martinez,963 Highland Rd,Bentonville,Arkansas,370-555-8052,john.martinez88@example.com
Jessica,Brown,638 Lakeview Dr,Caldwell,Idaho,597-555-6515,jessica.brown92@example.com
Barbara,Brown,338 Highland Rd,Elizabeth,New Jersey,833-555-1035,barbara.brown68@example.com
Susan,Davis,321 Broadway,Gilbert,Arizona,203-555-7954,susan.davis51@example.com
Christopher,Wilson,959 Broadway,Sioux City,Iowa,523-555-2193,christopher.wilson27@example.com
Barbara,Davis,102 Main St,Tucson,Arizona,711-555-5312,barbara.davis10@example.com
Barbara,Jones,451 Highland Rd,Meridian,Idaho,862-555-3450,barbara.jones71@example.com
Robert,Wilson,533 Broadway,Stamford,Connecticut,441-555-2077,robert.wilson31@example.com
Barbara,Jones,349 Lakeview Dr,Boston,Massachusetts,987-555-1011,barbara.jones16@example.com
Thomas,Taylor,441 Park Ln,Richmond,Kentucky,282-555-7793,thomas.taylor4@example.com
Jessica,Jones,206 Oak Ave,Waterloo,Iowa,676-555-2524,jessica.jones19@example.com
Michael,Smith,295 Washington Blvd,Auburn,Maine,713-555-5226,michael.smith91@example.com
Sarah,Wilson,231 Forest Ave,West Jordan,Utah,621-555-1737,sarah.wilson84@example.com
Barbara,Johnson,788 Highland Rd,Kenner,Louisiana,907-555-6635,barbara.johnson51@example.com
John,Hernandez,163 Oak Ave,Arlington,Texas,690-555-3406,john.hernandez20@example.com
Mary,Garcia,348 Highland Rd,Greeley,Colorado,714-555-8048,mary.garcia42@example.com
John,Gonzalez,798 Broadway,Winooski,Vermont,309-555-4244,john.gonzalez35@example.com
Thomas,Jackson,745 Highland Rd,Cape Coral,Florida,501-555-4297,thomas.jackson55@example.com
Linda,Anderson,548 Main St,Georgetown,Delaware,397-555-9804,linda.anderson64@example.com
Barbara,Smith,671 Washington Blvd,Midwest City,Oklahoma,770-555-9013,barbara.smith39@example.com
Linda,Taylor,863 Forest Ave,Tuscaloosa,Alabama,466-555-8231,linda.taylor75@example.com
Elizabeth,Williams,213 Lakeview Dr,Sioux Falls,South Dakota,886-555-8273,elizabeth.williams87@example.com
Elizabeth,Jackson,758 Washington Blvd,Lenexa,Kansas,983-555-7409,elizabeth.jackson36@example.com
Mary,Williams,125 Oak Ave,North Las Vegas,Nevada,636-555-2744,mary.williams66@example.com
Mary,Thomas,453 River St,Cary,North Carolina,982-555-5142,mary.thomas14@example.com
Michael,Hernandez,203 Park Ln,Bensalem,Pennsylvania,874-555-7610,michael.hernandez52@example.com
Robert,Davis,564 Maple St,Houston,Texas,659-555-9360,robert.davis40@example.com
Robert,Smith,269 Highland Rd,Johnson City,Tennessee,276-555-9241,robert.smith23@example.com
John,Taylor,971 Broadway,Cheyenne,Wyoming,284-555-6680,john.taylor8@example.com
Thomas,Martinez,506 Washington Blvd,Topeka,Kansas,794-555-8971,thomas.martinez51@example.com
Susan,Davis,339 Washington Blvd,Parma,Ohio,723-555-9859,susan.davis41@example.com
Mary,Williams,228 Park Ln,Chandler,Arizona,301-555-6066,mary.williams9@example.com
William,Garcia,118 Oak Ave,Huntsville,Alabama,743-555-1283,william.garcia9@example.com
Mary,Johnson,207 Broadway,Blaine,Minnesota,255-555-4311,mary.johnson16@example.com
Elizabeth,Jackson,734 Oak Ave,Woodbridge,New Jersey,582-555-8369,elizabeth.jackson39@example.com
Jessica,Williams,499 Washington Blvd,Fort Worth,Texas,360-555-4230,jessica.williams78@example.com
William,Brown,269 Oak Ave,Anchorage,Alaska,538-555-9133,william.brown48@example.com
Michael,Rodriguez,340 Main St,Dickinson,North Dakota,331-555-1277,michael.rodriguez65@example.com
John,Moore,111 Lakeview Dr,Martinsburg,West Virginia,748-555-1916,john.moore96@example.com
Robert,Anderson,133 River St,Quincy,Massachusetts,683-555-9637,robert.anderson31@example.com
Karen,Wilson,923 Park Ln,Elgin,Illinois,827-555-2131,karen.wilson63@example.com
Susan,Taylor,882 Highland Rd,Moore,Oklahoma,923-555-2611,susan.taylor86@example.com
Mary,Williams,294 Maple St,Medford,Oregon,213-555-9224,mary.williams99@example.com
Joseph,Gonzalez,524 Highland Rd,Milwaukee,Wisconsin,750-555-6308,joseph.gonzalez59@example.com
Robert,Johnson,224 Forest Ave,Anaheim,California,887-555-8928,robert.johnson40@example.com
Patricia,Brown,558 Main St,Austin,Texas,717-555-9862,patricia.brown7@example.com
James,Lopez,838 Broadway,Des Moines,Iowa,994-555-2423,james.lopez36@example.com
Richard,Anderson,281 Lakeview Dr,Hastings,Nebraska,529-555-5420,richard.anderson76@example.com
John,Taylor,304 River St,Oshkosh,Wisconsin,854-555-1410,john.taylor86@example.com
Barbara,Johnson,380 River St,Rockville,Maryland,293-555-1992,barbara.johnson44@example.com
Linda,Williams,184 Oak Ave,Miami,Florida,730-555-9748,linda.williams69@example.com
Richard,Miller,307 Maple St,Greenville,South Carolina,802-555-1072,richard.miller74@example.com
William,Martin,289 Oak Ave,Reno,Nevada,790-555-3728,william.martin73@example.com
Mary,Moore,164 River St,Kent,Washington,361-555-8991,mary.moore40@example.com
William,Lopez,350 Washington Blvd,Chicago,Illinois,689-555-5193,william.lopez91@example.com
Karen,Anderson,491 River St,Grand Rapids,Michigan,482-555-7868,karen.anderson69@example.com
Michael,Anderson,879 Washington Blvd,Rock Springs,Wyoming,905-555-9298,michael.anderson81@example.com
John,Taylor,874 Broadway,Kanehoe,Hawaii,588-555-6442,john.taylor28@example.com
Karen,Miller,667 Park Ln,Paterson,New Jersey,891-555-1284,karen.miller60@example.com
William,Wilson,513 Maple St,Edison,New Jersey,993-555-9029,william.wilson84@example.com
Elizabeth,Brown,135 Park Ln,Hattiesburg,Mississippi,439-555-6154,elizabeth.brown59@example.com
Joseph,Anderson,786 Broadway,South Fulton,Georgia,388-555-7684,joseph.anderson63@example.com
Sarah,Davis,623 Park Ln,Chattanooga,Tennessee,747-555-3422,sarah.davis60@example.com
Joseph,Davis,570 Park Ln,Madison,Wisconsin,697-555-4405,joseph.davis2@example.com
Linda,Miller,133 Washington Blvd,Norwalk,Connecticut,253-555-4013,linda.miller49@example.com
Linda,Miller,993 Oak Ave,Bloomington,Minnesota,261-555-2010,linda.miller77@example.com
Susan,Hernandez,160 Washington Blvd,Post Falls,Idaho,509-555-4320,susan.hernandez78@example.com
Thomas,Martin,810 Main St,Nicholasville,Kentucky,667-555-8813,thomas.martin85@example.com
Michael,Moore,689 Park Ln,Mount Pleasant,South Carolina,465-555-5042,michael.moore28@example.com
David,Lopez,888 Main St,Minneapolis,Minnesota,951-555-2304,david.lopez32@example.com
James,Williams,582 Highland Rd,Waipahu,Hawaii,393-555-9363,james.williams34@example.com
Michael,Moore,472 Lakeview Dr,Lower Merion,Pennsylvania,474-555-3473,michael.moore29@example.com
Richard,Martin,340 Park Ln,Pierre,South Dakota,390-555-5278,richard.martin15@example.com
Thomas,Wilson,253 Forest Ave,Lake Charles,Louisiana,915-555-8380,thomas.wilson51@example.com
Christopher,Johnson,146 Park Ln,Gaithersburg,Maryland,996-555-8877,christopher.johnson16@example.com
Robert,Jackson,140 Main St,Wilmington,North Carolina,772-555-9480,robert.jackson48@example.com
Joseph,Davis,300 Washington Blvd,Mount Vernon,New York,724-555-5499,joseph.davis14@example.com
Jessica,Anderson,927 Broadway,Henderson,Nevada,924-555-8062,jessica.anderson57@example.com
Jennifer,Smith,724 Oak Ave,Philadelphia,Pennsylvania,291-555-1639,jennifer.smith45@example.com
Patricia,Brown,141 River St,Memphis,Tennessee,953-555-2608,patricia.brown49@example.com
